{"J": 1, "deltas": [0, 1], "L": 14, "L list": [6, 8, 10, 12, 14], "steps": 50, "ground states": {"6": {"0": [[0.33387633, -0.20275807450325564, -0.5943282852940949, -1.0066627236870869, -1.4519952805095833, -1.7079923980099674, -1.7436492744217975, -1.7467463154633898, -1.7469409402553144, -1.7469661530098892, -1.7469782067848052, -1.7469795195834141, -1.7469796023252977, -1.746979602818679, -1.7469796028186781, -1.7469796028186813, -1.7469796028188906, -1.7469796028195803, -1.7469796028226638, -1.7469796038264225, -1.7469796140653193, -1.7469796144710463, -1.7469796144778102, -1.7469796144780514, -1.7469796144780592, -1.7469796144780587, -1.7469796144780592, -1.7469796144780632, -1.7469796144797713, -1.7469796148435148, -1.7469796291762623, -1.7469796299830367, -1.7469796299842757, -1.7469796299845783, -1.7469796299845828, -1.7469796299845903, -1.7469796299848672, -1.7469796299884253, -1.7469796300405154, -1.746979640502208, -1.74697965364939, -1.7469796545074483, -1.7469796546171061, -1.7469796546387073, -1.7469796546403598, -1.7469796546404277, -1.7469796546404333, -1.7469796546406868, -1.746979654641578, -1.7469797166699017], -1.7469796037174659], "1": [[-0.28916247, -1.442885938601937, -1.9594833488829257, -2.0637535081932543, -2.154792378879372, -2.439776297699104, -2.4892537406774844, -2.4932574331139574, -2.493540514950145, -2.4935752431769456, -2.4935768377977485, -2.4935771154476862, -2.493577134137504, -2.4935771344566007, -2.4935771344713777, -2.4935771344721993, -2.4935771344722575, -2.4935771344722597, -2.49357713447226, -2.493577134472258, -2.493577134472262, -2.4935771344870714, -2.4935771405188576, -2.493577140527449, -2.4935771405281253, -2.4935771405281586, -2.493577140528159, -2.4935771405281586, -2.493577140528158, -2.493577140528167, -2.4935771405284775, -2.4935771405338585, -2.493577140571087, -2.4935771406233034, -2.493577142285022, -2.4935771497916512, -2.4935771510645557, -2.4935771511576856, -2.4935771511585565, -2.4935771511585636, -2.493577151158562, -2.49357715115856, -2.4935771511585623, -2.4935771511622624, -2.493577151259981, -2.4935771572465018, -2.4935771580837622, -2.4935771583018895, -2.4935771583018997, -2.4935771583019006], -2.493577133887927]}, "8": {"0": [[0.12438316, -0.8196844741364688, -1.2849696146102993, -1.4514241407381776, -1.5376040815600953, -1.6570142346184966, -1.901964619346037, -2.1464850503223474, -2.2994517229495908, -2.3554312784825027, -2.3686936894813684, -2.3745404853340926, -2.377857591067037, -2.379208087565823, -2.3793616872775223, -2.379382950800517, -2.379384921655913, -2.379385206604784, -2.3793852385791254, -2.3793852410913536, -2.379385241345065, -2.3793852413809247, -2.3793852413852963, -2.3793852413856293, -2.3793852413856498, -2.37938524138565, -2.37938524138565, -2.37938524138565, -2.37938524138565, -2.379385241385653, -2.3793852413856533, -2.379385241385653, -2.379385241385653, -2.3793852413856507, -2.3793852413856538, -2.379385241385656, -2.379385241385675, -2.3793852413859495, -2.379385241388511, -2.379385241388674, -2.3793852413886794, -2.3793852413886825, -2.3793852413886833, -2.3793852413886825, -2.3793852413886825, -2.3793852413886816, -2.3793852413886816, -2.379385241388684, -2.3793852413888863, -2.3793852413891634], -2.379385241571815], "1": [[0.06058086, -1.4381174001781092, -2.2092166568895184, -2.6606882056250347, -2.911846721555024, -2.97236691889377, -2.987921112273041, -3.0044290039755563, -3.1114884854106672, -3.2894140680817503, -3.3602191911459713, -3.3719344627395342, -3.374419675870504, -3.3748614504138263, -3.3749213722665354, -3.374930719665772, -3.3749322299191813, -3.3749325554311285, -3.3749325925753473, -3.374932598207191, -3.374932598641042, -3.3749325986925856, -3.3749325986988645, -3.37493259869948, -3.3749325986995546, -3.374932598699558, -3.374932598699559, -3.3749325986995573, -3.3749325986995573, -3.374932598699559, -3.374932598699559, -3.374932598699559, -3.374932598699559, -3.3749325986995578, -3.3749325986995578, -3.3749325986995604, -3.3749325986995604, -3.3749325986995617, -3.3749325986995617, -3.3749325986995617, -3.374932598699562, -3.3749325986995635, -3.374932598699579, -3.374932598699591, -3.3749325986995937, -3.374932598699596, -3.3749325986995964, -3.374932598699592, -3.374932598699592, -3.3749325986995933], -3.374932598687892]}, "10": {"0": [[0.06478612, -1.1387505391886563, -1.780724545417387, -2.2010926300301565, -2.4610350706628643, -2.578997000859777, -2.634300055107441, -2.6793962916146947, -2.726867564646036, -2.775030498472473, -2.816322571270296, -2.8742969855692895, -2.9527166192792915, -2.9968934980255963, -3.009320320188452, -3.0123211443641082, -3.013104642374414, -3.0132840366295874, -3.0133267282050813, -3.013335607678676, -3.0133368869898187, -3.0133370545003277, -3.013337083990274, -3.0133370903924748, -3.0133370915524855, -3.0133370917546047, -3.013337091800347, -3.013337091810223, -3.013337091811789, -3.013337091812157, -3.013337091812232, -3.013337091812244, -3.0133370918122453, -3.013337091812246, -3.013337091812246, -3.013337091812245, -3.013337091812245, -3.013337091812246, -3.0133370918122453, -3.0133370918122453, -3.0133370918122453, -3.013337091812246, -3.013337091812246, -3.013337091812246, -3.013337091812246, -3.013337091812243, -3.0133370918122435, -3.0133370918122457, -3.0133370918122533, -3.013337091812303], -3.0133370916661373], "1": [[0.01757409, -1.5390875298751212, -2.5610630665140635, -3.4078669722083523, -3.982537225036363, -4.171006149846053, -4.217596131988488, -4.234143498903414, -4.244615660644579, -4.252239259631738, -4.256348078208813, -4.257565030746466, -4.2578955702521215, -4.257991224317172, -4.258024238614842, -4.258031802104281, -4.25803438520754, -4.258035022045199, -4.258035166080155, -4.258035198175316, -4.2580352047509535, -4.258035206097946, -4.2580352065047755, -4.258035206622501, -4.258035206647102, -4.258035206652323, -4.258035206653199, -4.258035206653317, -4.2580352066533385, -4.258035206653342, -4.258035206653343, -4.258035206653343, -4.258035206653343, -4.258035206653346, -4.258035206653346, -4.25803520665334, -4.25803520665334, -4.258035206653345, -4.258035206653345, -4.258035206653342, -4.258035206653344, -4.258035206653357, -4.258035206653428, -4.258035206653876, -4.258035206656952, -4.258035206665541, -4.258035206676002, -4.25803520668884, -4.258035206723782, -4.25803520685284], -4.258035207282883]}, "12": {"0": [[-0.10474115, -1.4333481855724441, -2.1618478086967254, -2.5528946322048798, -2.791289616519429, -2.932755565523361, -3.029652561796543, -3.1060003647070022, -3.1723022742037617, -3.2266961227420903, -3.2752837419549716, -3.337979630287649, -3.410711857610458, -3.4690015510604746, -3.5125903746236005, -3.549780740232041, -3.58329381475282, -3.6116473314992286, -3.632263727788426, -3.642907449850171, -3.6465481646250426, -3.6476515979536965, -3.648004443203494, -3.6480913049356527, -3.648109792354609, -3.6481136701812664, -3.6481146225163923, -3.6481148300671578, -3.6481148839550563, -3.648114898777294, -3.64811490330304, -3.6481149045976893, -3.648114904956662, -3.6481149050702864, -3.6481149051035637, -3.6481149051110187, -3.6481149051124655, -3.648114905112755, -3.6481149051128234, -3.648114905112838, -3.648114905112841, -3.6481149051128416, -3.6481149051128416, -3.6481149051128403, -3.6481149051128403, -3.6481149051128403, -3.6481149051128403, -3.648114905112841, -3.648114905112841, -3.648114905112842], -3.6481149052793773],