{"J": 1, "deltas": [0, 1], "L": 14, "L list": [6, 8, 10, 12, 14], "steps": 20, "ground states": {"6": {"0": [[-0.20911379, -0.9528460271010556, -1.208828428330727, -1.359297317752576, -1.4913511435340143, -1.7003758392208295, -1.7384439608735525, -1.7455333239826054, -1.746903511953266, -1.7469786741732132, -1.7469795845043399, -1.7469795987912546, -1.7469795990621555, -1.7469795990707482, -1.7469795990707522, -1.7469795990707617, -1.7469795990710324, -1.7469795990984553, -1.7469795992028032, -1.7469796316578894], -1.7469796037174659], "1": [[-0.10822513, -1.310906738687631, -2.2226547224821758, -2.443206939782032, -2.4815501063160257, -2.4903202063263876, -2.4926278126781196, -2.493415096542833, -2.4935678641746235, -2.4935764044000894, -2.4935771081677065, -2.4935771316648396, -2.493577133108273, -2.4935771332003283, -2.493577133203598, -2.493577133203869, -2.4935771332038734, -2.493577133203874, -2.493577133203873, -2.493577133203876], -2.493577133887927]}, "8": {"0": [[-0.13811071, -1.0999487191882527, -1.4796558655710679, -1.6322471408255879, -1.7320157262903024, -1.8065993098530257, -1.9090572322109776, -2.0321936101983806, -2.097248893434551, -2.1595437380734372, -2.291754471906987, -2.350943366744512, -2.3755170197784845, -2.3790805879441415, -2.3793629527026354, -2.379383150669132, -2.3793850286333096, -2.379385210373812, -2.3793852399908646, -2.3793852428705797], -2.379385241571815], "1": [[-0.22086521, -1.5977807277822853, -2.3091672119528237, -2.68706658680181, -2.9207739229978538, -3.0530690706390735, -3.1443240423190097, -3.2459854011327796, -3.3232833087661247, -3.3616619861929244, -3.373217606568788, -3.374705322397402, -3.3749062196085915, -3.374928632633702, -3.374931986195155, -3.3749324739723976, -3.374932576996894, -3.374932596622647, -3.3749325987317125, -3.3749325989186967], -3.374932598687892]}, "10": {"0": [[-0.15131571, -1.1829636965241281, -1.7910716401361986, -2.194471236211582, -2.4062108908971185, -2.5271543954308533, -2.6595523105859624, -2.850737756903663, -2.952154291341988, -2.9898420278429905, -3.002907383997704, -3.007784526865839, -3.0102429923291085, -3.011782183795029, -3.012728429771073, -3.013160973755743, -3.013300142034692, -3.013330462273818, -3.013335877606129, -3.0133368946793335], -3.0133370916661373], "1": [[-0.35628389, -1.6420186629234048, -2.5000591403727004, -3.110460889700744, -3.6163073878618213, -3.947230102216781, -4.091566581577124, -4.170358804836824, -4.214595946995352, -4.234999769681168, -4.246038003861956, -4.252381953971171, -4.256217428884044, -4.257583865033311, -4.257934167212655, -4.2580139258609035, -4.258030796246666, -4.2580343107337555, -4.258035006867173, -4.258035158533909], -4.258035207282883]}, "12": {"0": [[0.07315969, -1.0949303624699451, -1.8743310400619309, -2.355711437871533, -2.6528786862808658, -2.8477570060876025, -3.0127398641384775, -3.153889403179359, -3.266305142338404, -3.329323781609971, -3.3594846391726696, -3.376792592990318, -3.388855550720716, -3.397420132937143, -3.403073552097779, -3.4061360446759155, -3.4077599472949776, -3.409145880432908, -3.411872075617896, -3.440889677895823], -3.6481149052793773], "1": [[-0.20975582, -1.84615653157794, -2.8329118387304604, -3.5434887671813233, -4.037183270471176, -4.293754223378184, -4.445572409896114, -4.5696927234482185, -4.699677901276467, -4.800610711597642, -4.863455623709934, -4.909011614406255, -4.956525812096237, -5.004104906047713, -5.049355017311241, -5.093953148555417, -5.124638068741027, -5.136851352645235, -5.140639363124955, -5.141689279966175], -5.14209063284053]}, "14": {"0": [[-0.0231153, -1.4082476281382823, -2.2441504766380094, -2.769650118698954, -3.1104154653948273, -3.366816592099043, -3.5717986446901357, -3.735673129964921, -3.8559789627078986, -3.943240574200425, -4.011367519144105, -4.074403454732513, -4.132379638186065, -4.17949901600622, -4.212461274114656, -4.2355014605066685, -4.251528623177403, -4.263347477549889, -4.271993380653079, -4.277227296137276], -4.283386116752812], "1": [[-0.27632071, -2.1356367986215345, -3.401171040719293, -4.252168247908012, -4.813561157484033, -5.1529925573013475, -5.386378699541783, -5.565046437328383, -5.707184743150892, -5.817351198088445, -5.904369178648261, -5.95975940832421, -5.985367138759716, -5.99927911667393, -6.008079203913236, -6.0150824088937975, -6.020234406896036, -6.023637192102605, -6.025486844934931, -6.026236947652039], -6.026724661862171]}}}