{"J": 1, "deltas": [0, 1], "L": 14, "L list": [6, 8, 10, 12, 14], "steps": 50, "ground states": {"6": {"0": [[0.12331513, -0.3919016465709677, -0.9597724120553655, -1.3110607894983457, -1.6595326731987015, -1.734196320730039, -1.7429367863213694, -1.7460303098967094, -1.7468570430959258, -1.7469741670600756, -1.7469795555816199, -1.7469796023866078, -1.7469796033941332, -1.7469796033945888, -1.7469796033945904, -1.7469796033945904, -1.7469796033945901, -1.7469796033945897, -1.7469796033945935, -1.7469796033994143, -1.74697961374962, -1.746979614858134, -1.746979614935556, -1.7469796149378032, -1.746979614937844, -1.7469796149378483, -1.7469796149378487, -1.7469796149378505, -1.746979614937999, -1.7469796174942513, -1.7469796332941332, -1.74697963329626, -1.7469796332963978, -1.7469796332964913, -1.7469796332964955, -1.746979633296511, -1.7469796332967054, -1.7469796333065093, -1.7469796338130323, -1.7469796533681146, -1.746979660557796, -1.7469796610097492, -1.746979661033985, -1.7469796610340593, -1.7469796610340615, -1.7469796610340727, -1.7469796610341108, -1.7469796610392978, -1.7469796610545396, -1.7469797288721647], -1.7469796037174667], "1": [[-0.38897935, -1.4321431176868082, -2.191010104696014, -2.404599817874894, -2.474468480055431, -2.4857264370933287, -2.492319250309281, -2.4934000130784275, -2.493567056598567, -2.493576173572936, -2.4935770638545276, -2.4935771269181113, -2.4935771313734025, -2.4935771316675135, -2.4935771316781, -2.4935771316785145, -2.493577131678523, -2.4935771316785242, -2.493577131678524, -2.493577131678525, -2.4935771317105937, -2.4935771555939694, -2.493577155986684, -2.493577156075906, -2.493577156075919, -2.493577156075919, -2.4935771560759217, -2.4935771560759608, -2.493577156076437, -2.493577156093834, -2.4935771562855167, -2.493577164995871, -2.49357718752301, -2.493577189127121, -2.4935771895348573, -2.4935771897087116, -2.493577189725029, -2.49357718972523, -2.4935771897252366, -2.493577189725238, -2.493577189725238, -2.4935771897252463, -2.4935771897255847, -2.493577189727529, -2.4935771925270274, -2.4935771925291608, -2.493577192530353, -2.493577192530395, -2.4935771925304033, -2.493577192530401], -2.4935771338879285]}, "8": {"0": [[0.05361415, -0.8913828321953615, -1.399637655421558, -1.606907426452918, -1.7614638407592094, -2.0750089487228864, -2.2682126090178536, -2.3436397829562603, -2.368723860537519, -2.374738277815465, -2.3771440419745806, -2.3786347867025115, -2.3792812125551137, -2.3793737646075708, -2.3793836216333286, -2.3793850362016578, -2.379385215960596, -2.3793852368886093, -2.379385239528879, -2.3793852397590176, -2.37938523978426, -2.379385239786677, -2.379385239786957, -2.37938523978698, -2.3793852397869837, -2.379385239786983, -2.379385239786983, -2.3793852397869832, -2.3793852397869832, -2.3793852397869846, -2.379385239786995, -2.379385239787122, -2.379385239788442, -2.379385239790023, -2.3793852397928337, -2.3793852398090567, -2.379385240019408, -2.3793852401108415, -2.3793852401168563, -2.379385240116986, -2.379385240117001, -2.379385240117004, -2.379385240117006, -2.3793852401170086, -2.379385240117009, -2.3793852401170072, -2.3793852401170246, -2.379385240117234, -2.3793852453801327, -2.379385248428941], -2.379385241571817], "1": [[-0.28464462, -1.826187970542377, -2.653564798956572, -3.060192727735602, -3.2977789090198977, -3.3507446907455014, -3.3663665140694476, -3.371514899807946, -3.373256900360756, -3.3744306649165097, -3.374850771766923, -3.374918990623287, -3.3749303773307187, -3.374932279001772, -3.374932537163657, -3.374932592399601, -3.3749325992355974, -3.3749326001188176, -3.374932600201511, -3.3749326002096827, -3.374932600210641, -3.3749326002107134, -3.374932600210722, -3.3749326002107227, -3.3749326002107254, -3.374932600210723, -3.374932600210723, -3.3749326002107236, -3.3749326002107236, -3.3749326002107245, -3.3749326002107387, -3.3749326002109354, -3.3749326002143025, -3.37493260025441, -3.3749326004556504, -3.3749326007825804, -3.374932601444965, -3.3749326026167434, -3.374932603025435, -3.374932603069696, -3.374932603071671, -3.374932603071888, -3.3749326030719073, -3.374932603071909, -3.374932603071909, -3.3749326030719087, -3.37493260307191, -3.3749326030719082, -3.37493260307191, -3.3749326030719127], -3.3749325986878884]}, "10": {"0": [[0.06780007, -0.898534610210703, -1.5480266976815904, -2.0640404064304447, -2.5290264885887184, -2.7937029973951253, -2.924271944715275, -2.9791516192492584, -2.999369013461331, -3.0078103213384204, -3.0109997823252805, -3.0121635979197676, -3.01273504609892, -3.013045619020633, -3.0132160373208103, -3.0132982613281234, -3.0133277369581597, -3.01333524797871, -3.0133367670053346, -3.0133370434942055, -3.013337084494885, -3.0133370901650003, -3.0133370913348525, -3.013337091586903, -3.0133370916298228, -3.0133370916368096, -3.0133370916382685, -3.013337091638676, -3.0133370916387525, -3.013337091638771, -3.0133370916387734, -3.013337091638774, -3.013337091638774, -3.013337091638775, -3.013337091638775, -3.013337091638774, -3.013337091638774, -3.013337091638773, -3.013337091638773, -3.0133370916387743, -3.0133370916387743, -3.0133370916387747, -3.0133370916387747, -3.013337091638774, -3.013337091638774, -3.0133370916387734, -3.0133370916387734, -3.013337091638775, -3.0133370916387756, -3.0133370916387774], -3.0133370916661355], "1": [[-0.30776917, -1.928322793265568, -3.1267167749995477, -3.807320415426564, -4.101252634821257, -4.2034775229269705, -4.233991477155623, -4.246866464754499, -4.252114680954565, -4.25482885452558, -4.256603911911685, -4.257574133610898, -4.257906816081031, -4.258001432016446, -4.258027419191328, -4.258033043868462, -4.258034615691715, -4.25803503143268, -4.2580351595328265, -4.2580351957285885, -4.258035204937101, -4.258035206978581, -4.258035207335615, -4.2580352074097085, -4.258035207422528, -4.2580352074245384, -4.258035207424827, -4.2580352074248715, -4.2580352074248795, -4.25803520742488, -4.25803520742488, -4.258035207424882, -4.258035207424882, -4.25803520742488, -4.25803520742488, -4.258035207424882, -4.258035207424882, -4.258035207424883, -4.258035207424883, -4.258035207424884, -4.258035207424884, -4.258035207424882, -4.258035207424883, -4.258035207424883, -4.258035207424883, -4.258035207424885, -4.25803520742489, -4.258035207424929, -4.25803520742518, -4.258035207426964], -4.258035207282881]}, "12": {"0": [[0.04171885, -1.2372207859887383, -1.9169809222178464, -2.354271266142865, -2.6929097331412817, -2.9969796859515623, -3.2082860269490574, -3.321694632135296, -3.3756922097153375, -3.3989302849183516, -3.4084072345166665, -3.413316840344047, -3.4183204910851446, -3.434873688637479, -3.536967892860155, -3.6083657074931517, -3.6335495656764847, -3.6431011225646044, -3.6464773801471426, -3.6475442660762702, -3.6478971597205767, -3.6480262740162384, -3.6480791877466734, -3.6481020865860727, -3.6481114521133553, -3.648114163241018, -3.6481147523330293, -3.648114871197415, -3.648114897190721, -3.6481149028784174, -3.648114904352983, -3.648114904699729, -3.648114904768692, -3.6481149047849235, -3.6481149047911123, -3.648114904793311, -3.648114904793833, -3.6481149047939456, -3.6481149047939714, -3.648114904793978, -3.648114904793979, -3.64811490479398, -3.64811490479398, -3.648114904793979, -3.648114904793979, -3.648114904793978, -3.648114904793978, -3.64811490479398, -3.64811490479398, -3.648114904793981], -3.648114905279377],