{"J": 1, "deltas": [0, 1], "L": 14, "L list": [6, 8, 10, 12, 14], "steps": 50, "ground states": {"6": {"0": [[0.08777663, -0.5454842416518986, -0.8174026642230109, -1.1091174369842596, -1.5811423926115078, -1.7179792233125675, -1.7426638903594878, -1.7456845600277913, -1.74657256606909, -1.7469733833944157, -1.7469793679413024, -1.7469795964185377, -1.7469796020825723, -1.7469796020837784, -1.746979602083779, -1.7469796020838404, -1.7469796020840782, -1.746979602091816, -1.7469796021102937, -1.7469796027110247, -1.7469796172490362, -1.7469796192677092, -1.7469796194086675, -1.746979619415452, -1.7469796194155747, -1.746979619415582, -1.7469796194155855, -1.7469796194155889, -1.746979619440521, -1.7469796562022528, -1.7469796666769597, -1.7469796667686286, -1.7469796667710749, -1.7469796667711153, -1.7469796667711188, -1.7469796667713562, -1.7469796667771111, -1.746979667181486, -1.7469796816226753, -1.746979710856898, -1.7469797114271262, -1.74697971145353, -1.7469797114585794, -1.7469797114586831, -1.746979711458729, -1.7469797114587302, -1.7469797114587342, -1.746979711482168, -1.7469797180410518, -1.7469797258916955], -1.7469796037174667], "1": [[-0.50722417, -1.8869307844658998, -2.413961730146153, -2.4698333362514, -2.482962043769268, -2.4922184432644032, -2.4934434055937245, -2.493559049843196, -2.493575436261766, -2.4935770365803207, -2.49357712488963, -2.4935771333586128, -2.493577133935318, -2.493577133969868, -2.4935771339715727, -2.4935771339716575, -2.493577133971661, -2.4935771339716624, -2.4935771339716624, -2.493577133971663, -2.4935771339716597, -2.4935771339716672, -2.49357713397254, -2.49357713397254, -2.4935771339725394, -2.49357713397254, -2.49357713397254, -2.4935771339725408, -2.4935771339725408, -2.4935771339725417, -2.4935771339725417, -2.4935771339725417, -2.493577133972542, -2.4935771339725465, -2.4935771339726625, -2.4935771339728796, -2.493577133972912, -2.493577133972914, -2.4935771339729143, -2.493577133972916, -2.493577133972916, -2.493577133972916, -2.493577133972916, -2.493577133972942, -2.493577133973031, -2.4935771339732433, -2.4935771339742607, -2.4935771339742603, -2.4935771339742603, -2.493577133974263], -2.4935771338879285]}, "8": {"0": [[0.01675936, -0.7959743753632691, -1.2768372215992665, -1.7337208902670258, -2.0254483147921407, -2.144071344867636, -2.2350402479335783, -2.297788346736424, -2.353746815368932, -2.3735631712473024, -2.3780065236595496, -2.3790260752815766, -2.3793118270749156, -2.379375264175847, -2.3793843727564346, -2.379385133984295, -2.37938522493748, -2.379385239693696, -2.3793852416760384, -2.3793852418114136, -2.379385241822664, -2.3793852418234502, -2.3793852418235137, -2.379385241823521, -2.379385241823524, -2.3793852418235213, -2.3793852418235213, -2.37938524182352, -2.379385241823521, -2.3793852418235226, -2.3793852418235226, -2.3793852418235217, -2.3793852418235297, -2.3793852418236057, -2.379385241824791, -2.3793852418276815, -2.3793852418348815, -2.379385241936295, -2.3793852421750126, -2.3793852421878854, -2.379385242190171, -2.3793852421909842, -2.3793852421911263, -2.379385242191125, -2.3793852421911263, -2.379385242191126, -2.379385242191127, -2.3793852421911255, -2.3793852421911255, -2.37938524219113], -2.379385241571817], "1": [[-0.23285445, -1.5270752742380456, -2.135311645783922, -2.4346899867297633, -2.7430484464136775, -2.900635092365151, -2.9785510122289884, -3.0277779451079065, -3.0852749358366216, -3.2358067538654836, -3.349226141352096, -3.3697730956575866, -3.373675144731978, -3.3747453506495635, -3.3749088052256093, -3.37492846950084, -3.3749320074576943, -3.3749325427175254, -3.3749325921174087, -3.374932598166248, -3.374932598583358, -3.374932598614073, -3.3749325986171566, -3.374932598617486, -3.3749325986175345, -3.3749325986175376, -3.3749325986175376, -3.374932598617539, -3.374932598617539, -3.3749325986175407, -3.3749325986175407, -3.374932598617539, -3.3749325986175402, -3.374932598617537, -3.374932598617537, -3.374932598617541, -3.374932598617541, -3.374932598617538, -3.374932598617539, -3.374932598617551, -3.374932598617629, -3.37493259861915, -3.374932599801903, -3.3749326001303075, -3.37493260022105, -3.3749326002481923, -3.374932600249603, -3.3749326002496622, -3.3749326002496645, -3.374932600249663], -3.3749325986878884]}, "10": {"0": [[-0.14360212, -1.2194647544191877, -1.8790838169672988, -2.3988602450726892, -2.7331134462577826, -2.892888238395553, -2.9639979476127434, -2.996166941413299, -3.0083938866351314, -3.0118054955765525, -3.012817487823182, -3.0131428754495913, -3.013250342526818, -3.0132906029145814, -3.0133114184985397, -3.013325933220357, -3.013333529808388, -3.0133361800506218, -3.013336910569001, -3.013337061329928, -3.0133370869569007, -3.013337090634931, -3.013337091240861, -3.0133370913543276, -3.0133370913758646, -3.013337091379597, -3.013337091380227, -3.0133370913803725, -3.0133370913803974, -3.0133370913804023, -3.013337091380403, -3.0133370913804036, -3.0133370913804036, -3.0133370913804027, -3.0133370913804027, -3.0133370913804027, -3.0133370913804027, -3.0133370913804027, -3.0133370913804027, -3.013337091380403, -3.0133370913804036, -3.0133370913804067, -3.013337091380433, -3.0133370913805577, -3.013337091380759, -3.0133370913809534, -3.0133370913813176, -3.013337091383346, -3.013337091392812, -3.0133370914208526], -3.0133370916661355], "1": [[-0.13815052, -2.0211903317615576, -3.0265677573224883, -3.4107259241477452, -3.5940368313139714, -3.788741549933972, -4.08523359623581, -4.21730316258265, -4.248821218276409, -4.255399151297839, -4.257064379607901, -4.257655466919665, -4.257835961744188, -4.257929717204428, -4.257984209626513, -4.258012825458087, -4.258028389815454, -4.258033593119909, -4.258034923632072, -4.258035158465985, -4.258035198697045, -4.258035205463576, -4.258035206762764, -4.258035207026796, -4.258035207083556, -4.2580352070939655, -4.258035207095726, -4.2580352070959435, -4.258035207095971, -4.258035207095975, -4.2580352070959755, -4.258035207095974, -4.258035207095974, -4.25803520709598, -4.25803520709598, -4.258035207095976, -4.258035207095976, -4.258035207095976, -4.258035207095976, -4.258035207095974, -4.258035207095974, -4.258035207095975, -4.2580352070959755, -4.258035207095983, -4.258035207096006, -4.258035207096165, -4.258035207097367, -4.258035207103896, -4.2580352071200585, -4.258035207141156], -4.258035207282881]}, "12": {"0": [[-0.04226444, -1.2056177847666216, -1.9487650651772763, -2.49343857254859, -2.9588083019479465, -3.2448083561889423, -3.394346458100575, -3.485775235239389, -3.542632149182846, -3.5768784161966107, -3.6006437758302434, -3.6216130804741122, -3.6349382982742395, -3.641692054962704, -3.6450250338679018, -3.6467402990523903, -3.6475884492669666, -3.6479300657552263, -3.64805016684472, -3.6480928021463703, -3.648107913774563, -3.6481128316490175, -3.6481143750079292, -3.648114768888198, -3.648114875148232, -3.648114899082094, -3.6481149037897973, -3.6481149047199355, -3.6481149049011923, -3.648114904944486, -3.648114904957528, -3.648114904961276, -3.6481149049621853, -3.648114904962427, -3.648114904962509, -3.648114904962535, -3.648114904962542, -3.648114904962545, -3.6481149049625454, -3.648114904962543, -3.648114904962543, -3.648114904962543, -3.648114904962543, -3.64811490496254, -3.64811490496254, -3.6481149049625423, -3.6481149049625423, -3.648114904962543, -3.648114904962543, -3.648114904962541], -3.648114905279377],