{"J": 1, "delta": 1, "L": 6, "eigenvalues": [-2.4935771338879267, -2.0019953568985334, -2.001995356898533, -2.0019953568985325, -1.4214615413885856, -1.421461541388585, -1.4214615413885843, -1.1852269189861488, -1.014207027617274, -1.0142070276172728, -1.0142070276172728, -0.8727887505255917, -0.8727887505255916, -0.8727887505255911, -0.7499999999999999, -0.616025403784439, -0.6160254037844389, -0.6160254037844388, -0.6160254037844385, -0.6160254037844385, -0.4853417099355804, -0.48534170993558035, -0.4853417099355803, -0.2500000000000003, -0.25, -0.24999999999999997, -0.24999999999999992, -0.24999999999999972, -0.10608801652842705, 0.042998890395398164, 0.04299889039539835, 0.04299889039539841, 0.24999999999999983, 0.25000000000000006, 0.25000000000000006, 0.25000000000000006, 0.25000000000000017, 0.3823571476950155, 0.38235714769501566, 0.38235714769501566, 0.6568032513241646, 0.6568032513241652, 0.6568032513241654, 0.7499999999999994, 0.7499999999999998, 0.75, 0.7500000000000001, 0.7500000000000008, 0.7848920694025016, 0.963635096950982, 0.9636350969509822, 0.9636350969509825, 1.1160254037844382, 1.1160254037844386, 1.1160254037844388, 1.116025403784439, 1.116025403784439, 1.2499999999999996, 1.2499999999999996, 1.2499999999999998, 1.25, 1.25, 1.25, 1.2500000000000002], "steps": 15, "x index": [1, 2, 2, 3, 3, 3, 4, 4, 4, 4, 5, 5, 5, 5, 5, 6, 6, 6, 6, 6, 6, 7, 7, 7, 7, 7, 7, 7, 8, 8, 8, 8, 8, 8, 8, 8, 9, 9, 9, 9, 9, 9, 9, 9, 9, 10, 10, 10, 10, 10, 10, 10, 10, 10, 10, 11, 11, 11, 11, 11, 11, 11, 11, 11, 11, 11, 12, 12, 12, 12, 12, 12, 12, 12, 12, 12, 12, 12, 13, 13, 13, 13, 13, 13, 13, 13, 13, 13, 13, 13, 13, 14, 14, 14, 14, 14, 14, 14, 14, 14, 14, 14, 14, 14, 14, 15, 15, 15, 15, 15, 15, 15, 15, 15, 15, 15, 15, 15, 15, 15], "lanczos eigenvalues": [0.22606411, -1.3225943012250378, 0.7455527912250377, -1.8815170193613215, -0.1120042430480676, 0.9772573124093892, -1.9827636292562056, -0.5864052173942849, 0.48918016664952807, 1.1275290600009626, -2.0002961126743326, -0.961350189077078, -0.19938006361078275, 0.6797613685446791, 1.1971631668175144, -2.0118468571729053, -1.5440559986790328, -0.630938988696188, 0.10822460416699305, 0.7626811812248012, 1.2229633091563321, -2.1119100379322124, -1.9653222232026992, -0.9712083534327189, -0.38714204734882746, 0.3045591732797806, 0.8058084218897537, 1.2315174767469244, -2.4494031863480865, -2.000097096999494, -1.316157154668153, -0.6153439951695261, 0.02495078071821116, 0.6313084077264288, 0.9150751156595662, 1.240306519081052, -2.4900955123577564, -2.001754849174039, -1.3907659507210126, -0.7045959000807133, -0.29285140651477115, 0.17968157376810917, 0.717257229877489, 1.0137372843675045, 1.2457577208351904, -2.493395442255802, -2.001974493161084, -1.4151592152481822, -0.8579658322932252, -0.5519611608455679, -0.011409495821572205, 0.37656414667769805, 0.7502732332529342, 1.0558645673313285, 1.2481086823634728, -2.493568703848094, -2.001993792316271, -1.420349545167634, -0.9365634431156667, -0.6030274706906781, -0.13012396066597923, 0.20306545388035951, 0.6413193459956431, 0.8059489235674498, 1.0807133122707535, 1.2491708400901174, -2.493576686558191, -2.001995216394329, -1.421209833186628, -0.9646008157044956, -0.6327480100899262, -0.3562663461040818, -0.006507918190143649, 0.31177675132140875, 0.7171091553071673, 0.9085376911012301, 1.1026770377473845, 1.2497693807506047, -2.49357710939589, -2.001995343956704, -1.4214076765369656, -0.9875945475640544, -0.7476498363524209, -0.5756560594675415, -0.1495915850192416, 0.11438718638911652, 0.39080958774792107, 0.7298896945707443, 0.9439314259453075, 1.111914610749212, 1.249946902890516, -2.4935771315389332, -2.0019953552590515, -1.42145405324376, -1.0113155592698015, -0.8542597714678021, -0.604731038149304, -0.2538611418734211, 0.007461455506135597, 0.28036026645648865, 0.5486802039622637, 0.7394914374384934, 0.9585777410547132, 1.1152612637934844, 1.2499927925904966, -2.493577132169419, -2.0019953557892727, -1.4214593618963351, -1.0204587137486045, -0.8805280175466023, -0.6150878380528518, -0.4097056770854285, -0.1529784192798379, 0.06489618534781219, 0.32359303413703283, 0.6258796923397866, 0.7466478886596901, 0.9625961049149409, 1.1159127228646932, 1.2499991773043952]}