{"deltas": [0.5, 1.0, 2.0], "L list": [2, 4, 6, 8, 10, 12, 14], "J": 1, "L": 14, "energy gap": {"0.5": [0.5, 0.16801725, 0.08401371166666667, 0.05038190875, 0.03357605, 0.023979180833333336, 0.01798422], "1.0": [0.5, 0.164729655, 0.08193029666666667, 0.04908651375, 0.032736162, 0.023411891666666667, 0.017588004285714286], "2.0": [0.5, 0.1420266675, 0.06235715833333333, 0.03326105375, 0.019810721, 0.0126619175, 0.008495323571428572]}}