{"deltas": [0.5, 1.0, 2.0], "L list": [2, 4, 6, 8, 10, 12], "J": 1, "L": 12, "energy gap": {"0.5": [1.0, 0.672069, 0.50408227, 0.40305527, 0.3357605, 0.28775017], "1.0": [1.0, 0.65891862, 0.49158178, 0.39269211, 0.32736162, 0.2809427], "2.0": [1.0, 0.56810667, 0.37414295, 0.26608843, 0.19810721, 0.15194301]}}