{"J": 1, "delta": 1, "L": [2, 3, 4, 5, 6, 7, 8, 9, 10, 11, 12, 13, 14], "reduced": false, "periodic": false, "temperatures": [0.1, 0.1191919191919192, 0.1383838383838384, 0.1575757575757576, 0.17676767676767677, 0.19595959595959594, 0.21515151515151515, 0.23434343434343433, 0.2535353535353535, 0.2727272727272727, 0.2919191919191919, 0.3111111111111111, 0.3303030303030303, 0.3494949494949495, 0.3686868686868686, 0.3878787878787878, 0.407070707070707, 0.42626262626262623, 0.44545454545454544, 0.46464646464646464, 0.48383838383838385, 0.503030303030303, 0.5222222222222221, 0.5414141414141413, 0.5606060606060606, 0.5797979797979798, 0.598989898989899, 0.6181818181818182, 0.6373737373737373, 0.6565656565656565, 0.6757575757575757, 0.6949494949494949, 0.7141414141414141, 0.7333333333333333, 0.7525252525252525, 0.7717171717171717, 0.7909090909090909, 0.81010101010101, 0.8292929292929292, 0.8484848484848484, 0.8676767676767676, 0.8868686868686868, 0.906060606060606, 0.9252525252525252, 0.9444444444444443, 0.9636363636363635, 0.9828282828282827, 1.002020202020202, 1.0212121212121212, 1.0404040404040404, 1.0595959595959596, 1.0787878787878789, 1.097979797979798, 1.1171717171717173, 1.1363636363636365, 1.1555555555555557, 1.1747474747474747, 1.1939393939393939, 1.213131313131313, 1.2323232323232323, 1.2515151515151515, 1.2707070707070707, 1.2898989898989899, 1.309090909090909, 1.3282828282828283, 1.3474747474747475, 1.3666666666666667, 1.385858585858586, 1.405050505050505, 1.4242424242424243, 1.4434343434343435, 1.4626262626262627, 1.481818181818182, 1.501010101010101, 1.52020202020202, 1.5393939393939393, 1.5585858585858585, 1.5777777777777777, 1.596969696969697, 1.6161616161616161, 1.6353535353535353, 1.6545454545454545, 1.6737373737373737, 1.692929292929293, 1.7121212121212122, 1.7313131313131314, 1.7505050505050506, 1.7696969696969698, 1.7888888888888888, 1.808080808080808, 1.8272727272727272, 1.8464646464646464, 1.8656565656565656, 1.8848484848484848, 1.904040404040404, 1.9232323232323232, 1.9424242424242424, 1.9616161616161616, 1.9808080808080808, 2.0], "specific heat": {"2": [0.013616, 0.047905, 0.113429, 0.209646, 0.328395, 0.457982, 0.586766, 0.705326, 0.807305, 0.889353, 0.950594, 0.991927, 1.015351, 1.023423, 1.018855, 1.004257, 0.981989, 0.954092, 0.922271, 0.887916, 0.85213, 0.815769, 0.779487, 0.743766, 0.708958, 0.675305, 0.642967, 0.612041, 0.582576, 0.554584, 0.52805, 0.502941, 0.479212, 0.456808, 0.435667, 0.415727, 0.396924, 0.379193, 0.362473, 0.346703, 0.331825, 0.317783, 0.304525, 0.292001, 0.280166, 0.268975, 0.258387, 0.248364, 0.23887, 0.229872, 0.221339, 0.213242, 0.205554, 0.198249, 0.191305, 0.1847, 0.178412, 0.172424, 0.166717, 0.161276, 0.156084, 0.151128, 0.146395, 0.141871, 0.137544, 0.133405, 0.129443, 0.125649, 0.122013, 0.118526, 0.115182, 0.111973, 0.108892, 0.105933, 0.103088, 0.100354, 0.097723, 0.095192, 0.092755, 0.090408, 0.088146, 0.085966, 0.083864, 0.081837, 0.07988, 0.077991, 0.076166, 0.074404, 0.0727, 0.071053, 0.069461, 0.06792, 0.066428, 0.064985, 0.063587, 0.062233, 0.06092, 0.059648, 0.058415, 0.057219], "3": [0.004677, 0.017067, 0.042518, 0.083611, 0.140408, 0.210871, 0.291552, 0.378314, 0.466949, 0.553629, 0.635188, 0.709246, 0.774218, 0.82924, 0.874052, 0.908868, 0.934241, 0.950952, 0.959909, 0.962074, 0.958404, 0.949817, 0.937164, 0.921214, 0.902652, 0.882077, 0.860004, 0.836872, 0.813051, 0.788849, 0.764519, 0.740267, 0.716258, 0.692624, 0.669466, 0.646863, 0.624872, 0.603534, 0.582876, 0.562912, 0.543651, 0.52509, 0.507225, 0.490043, 0.473531, 0.457671, 0.442445, 0.427832, 0.413811, 0.40036, 0.387458, 0.375083, 0.363212, 0.351826, 0.340903, 0.330422, 0.320365, 0.310713, 0.301447, 0.29255, 0.284005, 0.275796, 0.267908, 0.260326, 0.253036, 0.246025, 0.23928, 0.23279, 0.226542, 0.220525, 0.21473, 0.209147, 0.203765, 0.198577, 0.193573, 0.188745, 0.184087, 0.17959, 0.175247, 0.171052, 0.166999, 0.163082, 0.159295, 0.155632, 0.152089, 0.148661, 0.145342, 0.142129, 0.139018, 0.136003, 0.133082, 0.130251, 0.127505, 0.124843, 0.12226, 0.119755, 0.117322, 0.114961, 0.112668, 0.110442], "4": [0.178307, 0.35991, 0.56805, 0.77077, 0.948628, 1.094298, 1.208378, 1.295259, 1.360315, 1.408424, 1.443417, 1.468049, 1.4842, 1.493127, 1.495692, 1.492534, 1.484186, 1.471139, 1.453874, 1.432881, 1.408647, 1.381658, 1.352383, 1.32127, 1.288734, 1.255156, 1.220879, 1.186206, 1.1514, 1.116688, 1.082264, 1.048287, 1.014889, 0.982175, 0.950228, 0.919114, 0.888877, 0.85955, 0.831152, 0.803695, 0.777179, 0.751597, 0.72694, 0.70319, 0.680328, 0.658332, 0.637178, 0.61684, 0.597292, 0.578505, 0.560452, 0.543106, 0.526439, 0.510425, 0.495037, 0.480249, 0.466035, 0.452373, 0.439238, 0.426608, 0.41446, 0.402774, 0.39153, 0.380709, 0.370291, 0.36026, 0.350599, 0.341291, 0.332321, 0.323674, 0.315337, 0.307296, 0.299539, 0.292053, 0.284826, 0.277849, 0.271109, 0.264598, 0.258306, 0.252223, 0.246341, 0.240653, 0.235149, 0.229823, 0.224667, 0.219674, 0.214839, 0.210154, 0.205615, 0.201215, 0.196949, 0.192811, 0.188798, 0.184903, 0.181124, 0.177455, 0.173892, 0.170431, 0.16707, 0.163803], "5": [0.042437, 0.103914, 0.197469, 0.319874, 0.464413, 0.622588, 0.785672, 0.945867, 1.096962, 1.234543, 1.355884, 1.459674, 1.545687, 1.614471, 1.667077, 1.704856, 1.729304, 1.741961, 1.744335, 1.737861, 1.723871, 1.703581, 1.678088, 1.64837, 1.615286, 1.579591, 1.541936, 1.502883, 1.46291, 1.422423, 1.381761, 1.341206, 1.300992, 1.261307, 1.222304, 1.184103, 1.146796, 1.110452, 1.075123, 1.040842, 1.007629, 0.975492, 0.944432, 0.914442, 0.885506, 0.857606, 0.830721, 0.804824, 0.779888, 0.755885, 0.732784, 0.710555, 0.689166, 0.668589, 0.64879, 0.629742, 0.611414, 0.593777, 0.576804, 0.560467, 0.54474, 0.529598, 0.515016, 0.50097, 0.487439, 0.474399, 0.461832, 0.449715, 0.438032, 0.426762, 0.415889, 0.405397, 0.395268, 0.385489, 0.376044, 0.36692, 0.358103, 0.34958, 0.341341, 0.333372, 0.325664, 0.318205, 0.310987, 0.303998, 0.29723, 0.290675, 0.284324, 0.278169, 0.272203, 0.266418, 0.260807, 0.255364, 0.250083, 0.244957, 0.239981, 0.235149, 0.230456, 0.225897, 0.221467, 0.217161], "6": [0.516692, 0.782543, 1.002719, 1.170834, 1.299641, 1.40501, 1.49879, 1.587455, 1.673206, 1.755605, 1.832954, 1.903249, 1.964715, 2.016065, 2.056567, 2.086008, 2.104605, 2.112903, 2.111674, 2.101834, 2.084365, 2.060269, 2.030525, 1.996058, 1.957728, 1.916318, 1.872527, 1.826977, 1.780207, 1.732685, 1.684811, 1.636924, 1.589307, 1.542193, 1.495775, 1.450205, 1.405606, 1.362072, 1.319672, 1.278456, 1.238458, 1.199696, 1.162177, 1.1259, 1.090853, 1.05702, 1.024378, 0.992903, 0.962564, 0.933331, 0.905171, 0.878049, 0.851932, 0.826785, 0.802572, 0.779259, 0.756812, 0.735198, 0.714384, 0.694339, 0.675031, 0.656431, 0.638509, 0.621238, 0.604592, 0.588543, 0.573069, 0.558144, 0.543746, 0.529853, 0.516444, 0.503499, 0.491, 0.478927, 0.467263, 0.455992, 0.445097, 0.434564, 0.424376, 0.414522, 0.404987, 0.395759, 0.386825, 0.378174, 0.369795, 0.361677, 0.35381, 0.346184, 0.338791, 0.331621, 0.324666, 0.317918, 0.311369, 0.305012, 0.298839, 0.292844, 0.287021, 0.281363, 0.275865, 0.27052],