{"J": 1, "delta": 1, "L": [2, 4, 6, 8, 10, 12, 14, 16], "reduced": true, "periodic": true, "temperatures": [0.1, 0.1191919191919192, 0.1383838383838384, 0.1575757575757576, 0.17676767676767677, 0.19595959595959594, 0.21515151515151515, 0.23434343434343433, 0.2535353535353535, 0.2727272727272727, 0.2919191919191919, 0.3111111111111111, 0.3303030303030303, 0.3494949494949495, 0.3686868686868686, 0.3878787878787878, 0.407070707070707, 0.42626262626262623, 0.44545454545454544, 0.46464646464646464, 0.48383838383838385, 0.503030303030303, 0.5222222222222221, 0.5414141414141413, 0.5606060606060606, 0.5797979797979798, 0.598989898989899, 0.6181818181818182, 0.6373737373737373, 0.6565656565656565, 0.6757575757575757, 0.6949494949494949, 0.7141414141414141, 0.7333333333333333, 0.7525252525252525, 0.7717171717171717, 0.7909090909090909, 0.81010101010101, 0.8292929292929292, 0.8484848484848484, 0.8676767676767676, 0.8868686868686868, 0.906060606060606, 0.9252525252525252, 0.9444444444444443, 0.9636363636363635, 0.9828282828282827, 1.002020202020202, 1.0212121212121212, 1.0404040404040404, 1.0595959595959596, 1.0787878787878789, 1.097979797979798, 1.1171717171717173, 1.1363636363636365, 1.1555555555555557, 1.1747474747474747, 1.1939393939393939, 1.213131313131313, 1.2323232323232323, 1.2515151515151515, 1.2707070707070707, 1.2898989898989899, 1.309090909090909, 1.3282828282828283, 1.3474747474747475, 1.3666666666666667, 1.385858585858586, 1.405050505050505, 1.4242424242424243, 1.4434343434343435, 1.4626262626262627, 1.481818181818182, 1.501010101010101, 1.52020202020202, 1.5393939393939393, 1.5585858585858585, 1.5777777777777777, 1.596969696969697, 1.6161616161616161, 1.6353535353535353, 1.6545454545454545, 1.6737373737373737, 1.692929292929293, 1.7121212121212122, 1.7313131313131314, 1.7505050505050506, 1.7696969696969698, 1.7888888888888888, 1.808080808080808, 1.8272727272727272, 1.8464646464646464, 1.8656565656565656, 1.8848484848484848, 1.904040404040404, 1.9232323232323232, 1.9424242424242424, 1.9616161616161616, 1.9808080808080808, 2.0], "specific heat": {"2": [0.00454, 0.015983, 0.03792, 0.070372, 0.110994, 0.156372, 0.203084, 0.248291, 0.28994, 0.326743, 0.358054, 0.383709, 0.403882, 0.41896, 0.429447, 0.435899, 0.438875, 0.438911, 0.4365, 0.432085, 0.426055, 0.418748, 0.410454, 0.401416, 0.391841, 0.3819, 0.371733, 0.361455, 0.35116, 0.340923, 0.330804, 0.320849, 0.311095, 0.301568, 0.292289, 0.283271, 0.274524, 0.266052, 0.257858, 0.24994, 0.242297, 0.234924, 0.227816, 0.220966, 0.214367, 0.208012, 0.201893, 0.196002, 0.190331, 0.184872, 0.179616, 0.174556, 0.169684, 0.164993, 0.160475, 0.156123, 0.15193, 0.147889, 0.143995, 0.140241, 0.136621, 0.13313, 0.129761, 0.126511, 0.123373, 0.120344, 0.117419, 0.114593, 0.111862, 0.109222, 0.106671, 0.104203, 0.101816, 0.099506, 0.09727, 0.095106, 0.09301, 0.09098, 0.089013, 0.087106, 0.085258, 0.083466, 0.081728, 0.080042, 0.078406, 0.076817, 0.075275, 0.073778, 0.072323, 0.07091, 0.069537, 0.068202, 0.066904, 0.065641, 0.064414, 0.063219, 0.062057, 0.060925, 0.059824, 0.058751], "4": [0.059769, 0.121946, 0.196212, 0.273958, 0.350033, 0.422264, 0.490196, 0.554055, 0.614157, 0.670646, 0.723454, 0.772348, 0.817015, 0.857143, 0.892472, 0.922837, 0.948181, 0.968553, 0.984098, 0.995044, 1.00168, 1.004339, 1.003382, 0.99918, 0.992105, 0.982519, 0.970768, 0.957176, 0.942043, 0.925644, 0.908225, 0.890008, 0.87119, 0.851943, 0.83242, 0.812749, 0.793044, 0.773401, 0.7539, 0.73461, 0.715586, 0.696875, 0.678513, 0.660531, 0.64295, 0.625789, 0.609058, 0.592766, 0.576917, 0.561512, 0.546549, 0.532026, 0.517937, 0.504275, 0.491033, 0.478201, 0.465772, 0.453734, 0.442077, 0.430791, 0.419865, 0.409288, 0.39905, 0.389139, 0.379545, 0.370258, 0.361267, 0.352562, 0.344133, 0.335971, 0.328066, 0.32041, 0.312993, 0.305807, 0.298844, 0.292095, 0.285553, 0.279211, 0.273062, 0.267098, 0.261313, 0.2557, 0.250254, 0.244969, 0.239838, 0.234856, 0.230019, 0.22532, 0.220755, 0.21632, 0.21201, 0.20782, 0.203746, 0.199785, 0.195933, 0.192185, 0.188539, 0.18499, 0.181537, 0.178174], "6": [0.177522, 0.279116, 0.377207, 0.470234, 0.561168, 0.653281, 0.748378, 0.846541, 0.946532, 1.046353, 1.143736, 1.236501, 1.322773, 1.401088, 1.470427, 1.530193, 1.580161, 1.620415, 1.651284, 1.673274, 1.687019, 1.693227, 1.692647, 1.686035, 1.674131, 1.657645, 1.637244, 1.613544, 1.587109, 1.558449, 1.528018, 1.496221, 1.463411, 1.4299, 1.395954, 1.361805, 1.327648, 1.29365, 1.259951, 1.226666, 1.19389, 1.1617, 1.130157, 1.099309, 1.069193, 1.039833, 1.011248, 0.983448, 0.956438, 0.930216, 0.904778, 0.880115, 0.856216, 0.833068, 0.810655, 0.78896, 0.767965, 0.747652, 0.728002, 0.708994, 0.69061, 0.672829, 0.655633, 0.639001, 0.622914, 0.607354, 0.592302, 0.577741, 0.563653, 0.55002, 0.536827, 0.524058, 0.511696, 0.499727, 0.488138, 0.476912, 0.466039, 0.455503, 0.445294, 0.435399, 0.425806, 0.416504, 0.407484, 0.398734, 0.390245, 0.382007, 0.374011, 0.366249, 0.358712, 0.351393, 0.344283, 0.337375, 0.330662, 0.324137, 0.317794, 0.311626, 0.305628, 0.299793, 0.294116, 0.288592], "8": [0.308379, 0.424924, 0.534625, 0.64585, 0.765211, 0.895397, 1.035667, 1.183066, 1.333569, 1.482928, 1.627206, 1.763077, 1.887947, 1.999964, 2.097972, 2.181418, 2.250252, 2.304826, 2.345793, 2.374023, 2.390527, 2.396396, 2.392752, 2.380707, 2.361341, 2.335674, 2.304658, 2.269169, 2.230003, 2.187873, 2.143417, 2.097194, 2.049698, 2.001354, 1.952532, 1.903545, 1.854662, 1.806108, 1.75807, 1.710702, 1.66413, 1.618457, 1.57376, 1.530101, 1.487524, 1.446062, 1.405733, 1.366548, 1.328509, 1.29161, 1.255843, 1.221191, 1.187636, 1.155156, 1.123727, 1.093324, 1.06392, 1.035486, 1.007994, 0.981415, 0.95572, 0.93088, 0.906867, 0.883653, 0.861209, 0.839509, 0.818526, 0.798234, 0.778608, 0.759624, 0.741259, 0.723488, 0.706291, 0.689646, 0.673533, 0.657931, 0.642822, 0.628187, 0.614008, 0.60027, 0.586955, 0.574047, 0.561532, 0.549396, 0.537624, 0.526203, 0.51512, 0.504364, 0.493921, 0.483782, 0.473935, 0.464369, 0.455076, 0.446045, 0.437266, 0.428732, 0.420434, 0.412363, 0.404512, 0.396873], "10": [0.427511, 0.555501, 0.685967, 0.829514, 0.990413, 1.167902, 1.35814, 1.555795, 1.755135, 1.95072, 2.137792, 2.312471, 2.47181, 2.613767, 2.737129, 2.8414, 2.926678, 2.993537, 3.042906, 3.075968, 3.094069, 3.098644, 3.091154, 3.073044, 3.045706, 3.010452, 2.968506, 2.920987, 2.86891, 2.813186, 2.754621, 2.693929, 2.631732, 2.568568, 2.504902, 2.441128, 2.377582, 2.314544, 2.252249, 2.190887, 2.130613, 2.071552, 2.013799, 1.957428, 1.902491, 1.849024, 1.79705, 1.746576, 1.697603, 1.650121, 1.604115, 1.559562, 1.516436, 1.474708, 1.434345, 1.395312, 1.357573, 1.321091, 1.285828, 1.251745, 1.218805, 1.18697, 1.156201, 1.126463, 1.097718, 1.069932, 1.04307, 1.017097, 0.991983, 0.967694, 0.944201, 0.921473, 0.899482, 0.8782, 0.857602, 0.83766, 0.818351, 0.799651, 0.781537, 0.763987, 0.74698, 0.730497, 0.714516, 0.699021, 0.683993, 0.669415, 0.65527, 0.641543, 0.628218, 0.615281, 0.602719, 0.590517, 0.578663, 0.567145, 0.55595, 0.545068, 0.534487, 0.524198, 0.514189, 0.504452],