{"deltas": [0.5, 1.0, 2.0], "L list": [2, 4, 6, 8, 10, 12], "J": 1, "L": 13, "energy gap": {"0.5": [1.5, 0.68614066, 0.45401834, 0.34001475, 0.27191636, 0.22658302], "1.0": [2.0, 1.0, 0.68474165, 0.52267435, 0.42323901, 0.35584751], "2.0": [2.0, 0.73205081, 0.40628276, 0.2587636, 0.17698768, 0.12642115]}, "logs": "L = 12, J = 1, delta = 2.0, hamiltonian size: 4096 x 4096Energy delta = 0.1264, time elapsed: 19.843 seconds\nProgram took 57.025 seconds.\n"}