{"deltas": [0.5, 1.0, 2.0], "L list": [2, 4, 6, 8, 10, 12, 14], "J": 1, "L": 14, "energy gap": {"0.5": [1.5, 0.68614066, 0.45401834, 0.34001475, 0.27191636, 0.22658302, 0.19421869], "1.0": [2.0, 1.0, 0.68474165, 0.52267435, 0.42323901, 0.35584751, 0.30710571], "2.0": [2.0, 0.73205081, 0.40628276, 0.2587636, 0.17698768, 0.12642115, 0.09294291]}}