{"deltas": [0.5, 1.0, 2.0], "L list": [2, 4, 6, 8, 10, 12], "J": 1, "L": 12, "energy gap": {"0.5": [1.5, 0.68614066, 0.45401834, 0.34001475, 0.27191636, 0.22658302], "1.0": [2.0, 1.0, 0.68474165, 0.52267435, 0.42323901, 0.35584751], "2.0": [2.0, 0.73205081, 0.40628276, 0.2587636, 0.17698768, 0.12642115]}, "logs": "Program executed on 2023-10-14 17:32:33.101137.\nDelta = 0.5, L = 2, Energy delta = 1.5, time elapsed: 0.001 seconds\nDelta = 0.5, L = 4, Energy delta = 0.6861, time elapsed: 0.001 seconds\nDelta = 0.5, L = 6, Energy delta = 0.454, time elapsed: 0.012 seconds\nDelta = 0.5, L = 8, Energy delta = 0.34, time elapsed: 0.071 seconds\nDelta = 0.5, L = 10, Energy delta = 0.2719, time elapsed: 0.618 seconds\nDelta = 0.5, L = 12, Energy delta = 0.2266, time elapsed: 11.366 seconds\nDelta = 1.0, L = 2, Energy delta = 2.0, time elapsed: 0.024 seconds\nDelta = 1.0, L = 4, Energy delta = 1.0, time elapsed: 0.002 seconds\nDelta = 1.0, L = 6, Energy delta = 0.6847, time elapsed: 0.012 seconds\nDelta = 1.0, L = 8, Energy delta = 0.5227, time elapsed: 0.071 seconds\nDelta = 1.0, L = 10, Energy delta = 0.4232, time elapsed: 0.645 seconds\nDelta = 1.0, L = 12, Energy delta = 0.3558, time elapsed: 11.133 seconds\nDelta = 2.0, L = 2, Energy delta = 2.0, time elapsed: 0.022 seconds\nDelta = 2.0, L = 4, Energy delta = 0.7321, time elapsed: 0.003 seconds\nDelta = 2.0, L = 6, Energy delta = 0.4063, time elapsed: 0.011 seconds\nDelta = 2.0, L = 8, Energy delta = 0.2588, time elapsed: 0.073 seconds\nDelta = 2.0, L = 10, Energy delta = 0.177, time elapsed: 0.73 seconds\nDelta = 2.0, L = 12, Energy delta = 0.1264, time elapsed: 11.607 seconds\nProgram took 36.429 seconds.\n"}